timestamp,pos0,pos1
0.0,-3.1313581255206184,1.4033527364172547
0.001200536,-3.1313581255206184,1.4033527364172547
0.001459543,-3.1313581255206184,1.4033527364172547
0.001663133,-3.1313581255206184,1.4033527364172547
0.00186468,-3.1313581255206184,1.4033527364172547
0.002051936,-3.1313581255206184,1.4033527364172547
0.002234233,-3.1313581255206184,1.4033527364172547
0.002453864,-3.1313581255206184,1.4033527364172547
0.00265337,-3.1313581255206184,1.4033527364172547
0.002838001,-3.1313581255206184,1.4033527364172547
0.003015048,-3.1313581255206184,1.4033527364172547
0.003192678,-3.1313581255206184,1.4033527364172547
0.004835101,-3.1313581255206184,1.4033527364172547
0.007046292,-3.1313581255206184,1.4033527364172547
0.008828428,-3.1313581255206184,1.4033527364172547
0.010826695,-3.1313581255206184,1.4033527364172547
0.012773628,-3.1313581255206184,1.4033527364172547
0.014739519,-3.1313581255206184,1.4033527364172547
0.016876332,-3.1313581255206184,1.4033527364172547
0.019115232,-3.1313581255206184,1.4033527364172547
0.020773698,-3.1313581255206184,1.4033527364172547
0.02277984,-3.1313581255206184,1.4033527364172547
0.024986947,-3.1313581255206184,1.4033527364172547
0.026928921,-3.1313581255206184,1.4033527364172547
0.028725058,-3.1313581255206184,1.4033527364172547
0.0307172,-3.1313581255206184,1.4033527364172547
0.032679883,-3.1313581255206184,1.4033527364172547
0.034706151,-3.1313581255206184,1.4033527364172547
0.036934259,-3.1313581255206184,1.4033527364172547
0.038761313,-3.1313581255206184,1.4033527364172547
0.040770955,-3.1313581255206184,1.4033527364172547
0.042789348,-3.1313581255206184,1.4033527364172547
0.044737739,-3.1313581255206184,1.4033527364172547
0.049204163,-3.1313581255206184,1.4033527364172547
0.052579138,-3.1313581255206184,1.4033527364172547
0.053025692,-3.1313581255206184,1.4033527364172547
0.05334041,-3.1313581255206184,1.4033527364172547
0.054773702,-3.1313581255206184,1.4033527364172547
0.056856847,-3.1313581255206184,1.4033527364172547
0.058807863,-3.1313581255206184,1.4033527364172547
0.060838215,-3.1313581255206184,1.4033527364172547
0.062804982,-3.1313581255206184,1.4033527364172547
0.06484,-3.1313581255206184,1.4033527364172547
0.06692402,-3.1313581255206184,1.4033527364172547
0.0687922,-3.1313581255206184,1.4033527364172547
0.070800385,-3.1313581255206184,1.4033527364172547
0.072908613,-3.1313581255206184,1.4033527364172547
0.074903964,-3.1313581255206184,1.4033527364172547
0.076944816,-3.1313581255206184,1.4033527364172547
0.079097963,-3.1313581255206184,1.4033527364172547
0.080772179,-3.1313581255206184,1.4033527364172547
0.082930285,-3.1313581255206184,1.4033527364172547
0.084952178,-3.1313581255206184,1.4033527364172547
0.086855942,-3.1313581255206184,1.4033527364172547
0.088730248,-3.1313581255206184,1.4033527364172547
0.090745141,-3.1313581255206184,1.4033527364172547
0.092742533,-3.1313581255206184,1.4033527364172547
0.094763843,-3.1313581255206184,1.4033527364172547
0.096807028,-3.1313581255206184,1.4033527364172547
0.098818129,-3.1313581255206184,1.4033527364172547
0.100750186,-3.1313581255206184,1.4033527364172547
0.102827206,-3.1313581255206184,1.4033527364172547
0.104786389,-3.1313581255206184,1.4033527364172547
0.107029372,-3.1313581255206184,1.4033527364172547
0.108774465,-3.1313581255206184,1.4033527364172547
0.110715564,-3.1313581255206184,1.4033527364172547
0.112714415,-3.1313581255206184,1.4033527364172547
0.114713557,-3.1313581255206184,1.4033527364172547
0.117079336,-3.1313581255206184,1.4033527364172547
0.118710967,-3.1313581255206184,1.4033527364172547
0.120858572,-3.1313581255206184,1.4033527364172547
0.122787421,-3.1313581255206184,1.4033527364172547
0.124754479,-3.1313581255206184,1.4033527364172547
0.126952544,-3.1313581255206184,1.4033527364172547
0.128816933,-3.1313581255206184,1.4033527364172547
0.130810533,-3.1313581255206184,1.4033527364172547
0.132806467,-3.1313581255206184,1.4033527364172547
0.134785192,-3.1313581255206184,1.4033527364172547
0.136836253,-3.1313581255206184,1.4033527364172547
0.138810895,-3.1313581255206184,1.4033527364172547
0.140860497,-3.1313581255206184,1.4033527364172547
0.142871598,-3.1313581255206184,1.4033527364172547
0.144756404,-3.1313581255206184,1.4033527364172547
0.1468938,-3.1313581255206184,1.4033527364172547
0.1488629,-3.1313581255206184,1.4033527364172547
0.150756748,-3.1313581255206184,1.4033527364172547
0.152864685,-3.1313581255206184,1.4033527364172547
0.15478595,-3.1313581255206184,1.4033527364172547
0.159080285,-3.1313581255206184,1.4033527364172547
0.163262034,-3.1313581255206184,1.4033527364172547
0.16612366,-3.1313581255206184,1.4033527364172547
0.16649438,-3.1313581255206184,1.4033527364172547
0.166746387,-3.1313581255206184,1.4033527364172547
0.166975644,-3.1313581255206184,1.4033527364172547
0.168796573,-3.1313581255206184,1.4033527364172547
0.170796007,-3.1313581255206184,1.4033527364172547
0.172938362,-3.1313581255206184,1.4033527364172547
0.174889086,-3.1313581255206184,1.4033527364172547
0.17687977,-3.1313581255206184,1.4033527364172547
0.178795785,-3.1313581255206184,1.4033527364172547
0.180813303,-3.1313581255206184,1.4033527364172547
0.182802528,-3.1313581255206184,1.4033527364172547
0.18478067,-3.1313581255206184,1.4033527364172547
0.186938484,-3.1313581255206184,1.4033527364172547
0.188776913,-3.1313581255206184,1.4033527364172547
0.190861808,-3.1313581255206184,1.4033527364172547
0.192772573,-3.1313581255206184,1.4033527364172547
0.194771424,-3.1313581255206184,1.4033527364172547
0.196798567,-3.1313581255206184,1.4033527364172547
0.198674039,-3.1313581255206184,1.4033527364172547
0.200689807,-3.1313581255206184,1.4033527364172547
0.202775577,-3.1313581255206184,1.4033527364172547
0.204657174,-3.1313581255206184,1.4033527364172547
0.206920574,-3.1313581255206184,1.4033527364172547
0.208743837,-3.1313581255206184,1.4033527364172547
0.210756688,-3.1313581255206184,1.4033527364172547
0.212715871,-3.1313581255206184,1.4033527364172547
0.214687887,-3.1313581255206184,1.4033527364172547
0.216827034,-3.1313581255206184,1.4033527364172547
0.218747132,-3.1313581255206184,1.4033527364172547
0.220762609,-3.1313581255206184,1.4033527364172547
0.222703124,-3.1313581255206184,1.4033527364172547
0.224685641,-3.1313581255206184,1.4033527364172547
0.226934749,-3.1313581255206184,1.4033527364172547
0.228760928,-3.1313581255206184,1.4033527364172547
0.230686569,-3.1313581255206184,1.4033527364172547
0.232734421,-3.1313581255206184,1.4033527364172547
0.234832441,-3.1313581255206184,1.4033527364172547
0.236838584,-3.1313581255206184,1.4033527364172547
0.238726306,-3.1313581255206184,1.4033527364172547
0.240743241,-3.1313581255206184,1.4033527364172547
0.24270359,-3.1313581255206184,1.4033527364172547
0.244702149,-3.1313581255206184,1.4033527364172547
0.246765169,-3.1313581255206184,1.4033527364172547
0.248668642,-3.1313581255206184,1.4033527364172547
0.250770745,-3.1313581255206184,1.4033527364172547
0.252738095,-3.1313581255206184,1.4033527364172547
0.254790031,-3.1313581255206184,1.4033527364172547
0.256812507,-3.1313581255206184,1.4033527364172547
0.258788899,-3.1313581255206184,1.4033527364172547
0.260667871,-3.1313581255206184,1.4033527364172547
0.262803518,-3.1313581255206184,1.4033527364172547
0.264700282,-3.1313581255206184,1.4033527364172547
0.266807053,-3.1313581255206184,1.4033527364172547
0.268687192,-3.1313581255206184,1.4033527364172547
0.270728919,-3.1313581255206184,1.4033527364172547
0.27270531,-3.1313581255206184,1.4033527364172547
0.274676452,-3.1313581255206184,1.4033527364172547
0.276755222,-3.1313581255206184,1.4033527364172547
0.278679404,-3.1313581255206184,1.4033527364172547
0.280736006,-3.1313581255206184,1.4033527364172547
0.282720565,-3.1313581255206184,1.4033527364172547
0.28471504,-3.1313581255206184,1.4033527364172547
0.286724975,-3.1313581255206184,1.4033527364172547
0.288680658,-3.1313581255206184,1.4033527364172547
0.290741052,-3.1313581255206184,1.4033527364172547
0.292674859,-3.1313581255206184,1.4033527364172547
0.294701419,-3.1313581255206184,1.4033527364172547
0.29681344,-3.1313581255206184,1.4033527364172547
0.29868862,-3.1313581255206184,1.4033527364172547
0.300764765,-3.1313581255206184,1.4033527364172547
0.302737656,-3.1313581255206184,1.4033527364172547
0.304711423,-3.1313581255206184,1.4033527364172547
0.306896363,-3.1313581255206184,1.4033527364172547
0.308717583,-3.1313581255206184,1.4033527364172547
0.310734518,-3.1313581255206184,1.4033527364172547
0.312737744,-3.1313581255206184,1.4033527364172547
0.31471501,-3.1313581255206184,1.4033527364172547
0.31679378,-3.1313581255206184,1.4033527364172547
0.318727879,-3.1313581255206184,1.4033527364172547
0.320715063,-3.1313581255206184,1.4033527364172547
0.322755915,-3.1313581255206184,1.4033527364172547
0.324728223,-3.1313581255206184,1.4033527364172547
0.326862994,-3.1313581255206184,1.4033527364172547
0.3287513,-3.1313581255206184,1.4033527364172547
0.33071865,-3.1313581255206184,1.4033527364172547
0.332714001,-3.1313581255206184,1.4033527364172547
0.33472831,-3.1313581255206184,1.4033527364172547
0.336796288,-3.1313581255206184,1.4033527364172547
0.338670885,-3.1313581255206184,1.4033527364172547
0.340699195,-3.1313581255206184,1.4033527364172547
0.342675295,-3.1313581255206184,1.4033527364172547
0.344703022,-3.1313581255206184,1.4033527364172547
0.34684771,-3.1313581255206184,1.4033527364172547
0.348753808,-3.1313581255206184,1.4033527364172547
0.350764326,-3.1313581255206184,1.4033527364172547
0.352794678,-3.1313581255206184,1.4033527364172547
0.354751527,-3.1313581255206184,1.4033527364172547
0.356910799,-3.1313581255206184,1.4033527364172547
0.358743103,-3.1313581255206184,1.4033527364172547
0.360748954,-3.1313581255206184,1.4033527364172547
0.362721846,-3.1313581255206184,1.4033527364172547
0.3648187,-3.1313581255206184,1.4033527364172547
0.366985847,-3.1313581255206184,1.4033527364172547
0.368771775,-3.1313581255206184,1.4033527364172547
0.37075225,-3.1313581255206184,1.4033527364172547
0.372763934,-3.1313581255206184,1.4033527364172547
0.374725742,-3.1313581255206184,1.4033527364172547
0.376984184,-3.1313581255206184,1.4033527364172547
0.378792279,-3.1313581255206184,1.4033527364172547
0.380764879,-3.1313581255206184,1.4033527364172547
0.382848899,-3.1313581255206184,1.4033527364172547
0.384751789,-3.1313581255206184,1.4033527364172547
0.38694402,-3.1313581255206184,1.4033527364172547
0.388779241,-3.1313581255206184,1.4033527364172547
0.390778092,-3.1313581255206184,1.4033527364172547
0.392819236,-3.1313581255206184,1.4033527364172547
0.394735834,-3.1313581255206184,1.4033527364172547
0.39684523,-3.1313581255206184,1.4033527364172547
0.398815788,-3.1313581255206184,1.4033527364172547
0.400753387,-3.1313581255206184,1.4033527364172547
0.402880866,-3.1313581255206184,1.4033527364172547
0.404811465,-3.1313581255206184,1.4033527364172547
0.407036072,-3.1313581255206184,1.4033527364172547
0.408874793,-3.1313581255206184,1.4033527364172547
0.410837476,-3.1313581255206184,1.4033527364172547
0.412765742,-3.1313581255206184,1.4033527364172547
0.414737467,-3.1313581255206184,1.4033527364172547
0.416749443,-3.1313581255206184,1.4033527364172547
0.418790587,-3.1313581255206184,1.4033527364172547
0.420757353,-3.1313581255206184,1.4033527364172547
0.422731411,-3.1313581255206184,1.4033527364172547
0.42472997,-3.1313581255206184,1.4033527364172547
0.426898284,-3.1313581255206184,1.4033527364172547
0.428795924,-3.1313581255206184,1.4033527364172547
0.43076619,-3.1313581255206184,1.4033527364172547
0.432705539,-3.1313581255206184,1.4033527364172547
0.434748141,-3.1313581255206184,1.4033527364172547
0.436836828,-3.1313581255206184,1.4033527364172547
0.438782302,-3.1313581255206184,1.4033527364172547
0.440762194,-3.1313581255206184,1.4033527364172547
0.442800713,-3.1313581255206184,1.4033527364172547
0.444777688,-3.1313581255206184,1.4033527364172547
0.446813581,-3.1313581255206184,1.4033527364172547
0.448738055,-3.1313581255206184,1.4033527364172547
0.45078474,-3.1313581255206184,1.4033527364172547
0.45273634,-3.1313581255206184,1.4033527364172547
0.454702523,-3.1313581255206184,1.4033527364172547
0.456750083,-3.1313581255206184,1.4033527364172547
0.458741059,-3.1313581255206184,1.4033527364172547
0.460756535,-3.1313581255206184,1.4033527364172547
0.462775803,-3.1313581255206184,1.4033527364172547
0.464723027,-3.1313581255206184,1.4033527364172547
0.466857799,-3.1313581255206184,1.4033527364172547
0.468810565,-3.1313581255206184,1.4033527364172547
0.470992879,-3.1313581255206184,1.4033527364172547
0.472895477,-3.1313581255206184,1.4033527364172547
0.474928454,-3.1313581255206184,1.4033527364172547
0.476862845,-3.1313581255206184,1.4033527364172547
0.478791402,-3.1313581255206184,1.4033527364172547
0.480773919,-3.1313581255206184,1.4033527364172547
0.482955358,-3.1313581255206184,1.4033527364172547
0.484876915,-3.1313581255206184,1.4033527364172547
0.487035312,-3.1313581255206184,1.4033527364172547
0.488915159,-3.1313581255206184,1.4033527364172547
0.490945511,-3.1313581255206184,1.4033527364172547
0.49289711,-3.1313581255206184,1.4033527364172547
0.494950504,-3.1313581255206184,1.4033527364172547
0.497109193,-3.1313581255206184,1.4033527364172547
0.498898038,-3.1313581255206184,1.4033527364172547
0.500972724,-3.1313581255206184,1.4033527364172547
0.502970408,-3.1313581255206184,1.4033527364172547
0.50490859,-3.1313581255206184,1.4033527364172547
0.507072529,-3.1313581255206184,1.4033527364172547
0.509156549,-3.1313581255206184,1.4033527364172547
0.511069647,-3.1313581255206184,1.4033527364172547
0.512941911,-3.1313581255206184,1.4033527364172547
0.514925011,-3.1313581255206184,1.4033527364172547
0.516876902,-3.1313581255206184,1.4033527364172547
0.518792917,-3.1313581255206184,1.4033527364172547
0.520754142,-3.1313581255206184,1.4033527364172547
0.522751826,-3.1313581255206184,1.4033527364172547
0.524733468,-3.1313581255206184,1.403392683833606
0.526931533,-3.1313581255206184,1.403392683833606
0.528743128,-3.1313581255206184,1.403392683833606
0.530699686,-3.1313581255206184,1.403392683833606
0.532684244,-3.1313581255206184,1.403392683833606
0.534698846,-3.1313581255206184,1.403392683833606
0.536792491,-3.1313581255206184,1.403392683833606
0.538727465,-3.1313581255206184,1.403392683833606
0.540742649,-3.1313581255206184,1.403392683833606
0.542723708,-3.1313581255206184,1.403392683833606
0.544725475,-3.1313581255206184,1.403392683833606
0.546899623,-3.1313581255206184,1.403392683833606
0.548982768,-3.1313581255206184,1.403392683833606
0.550845115,-3.1313581255206184,1.403392683833606
0.552861466,-3.1313581255206184,1.403392683833606
0.554812773,-3.1313581255206184,1.403392683833606
0.556879585,-3.1313581255206184,1.403392683833606
0.558814558,-3.1313581255206184,1.403392683833606
0.561405218,-3.1313581255206184,1.403392683833606
0.56321273,-3.1313581255206184,1.403392683833606
0.56513487,-3.1313581255206184,1.403392683833606
0.566915548,-3.1313581255206184,1.403392683833606
0.568767394,-3.1313581255206184,1.403392683833606
0.570794538,-3.1313581255206184,1.403392683833606
0.572777054,-3.1313581255206184,1.403392683833606
0.574770947,-3.1313581255206184,1.403392683833606
0.576845633,-3.1313581255206184,1.403392683833606
0.578794899,-3.1313581255206184,1.403392683833606
0.580783833,-3.1313581255206184,1.403392683833606
0.582775392,-3.1313581255206184,1.403392683833606
0.584741575,-3.1313581255206184,1.403392683833606
0.58719048,-3.1313581255206184,1.403392683833606
0.589079661,-3.1313581255206184,1.403392683833606
0.590814546,-3.1313581255206184,1.403392683833606
0.592837606,-3.1313581255206184,1.403392683833606
0.59483179,-3.1313581255206184,1.403392683833606
0.596905601,-3.1313581255206184,1.403392683833606
0.598901535,-3.1313581255206184,1.403392683833606
0.600924886,-3.1313581255206184,1.403392683833606
0.602942696,-3.1313581255206184,1.403392683833606
0.604863961,-3.1313581255206184,1.403392683833606
0.607329492,-3.1313581255206184,1.403392683833606
0.608850287,-3.1313581255206184,1.403392683833606
0.610826679,-3.1313581255206184,1.403392683833606
0.612917699,-3.1313581255206184,1.403392683833606
0.614841589,-3.1313581255206184,1.403392683833606
0.616876608,-3.1313581255206184,1.403392683833606
0.618798748,-3.1313581255206184,1.403392683833606
0.620785932,-3.1313581255206184,1.403392683833606
0.622792366,-3.1313581255206184,1.403392683833606
0.624753591,-3.1313581255206184,1.403392683833606
0.626946114,-3.1313581255206184,1.403392683833606
0.628822461,-3.1313581255206184,1.403392683833606
0.630792728,-3.1313581255206184,1.403392683833606
0.632765327,-3.1313581255206184,1.403392683833606
0.634795679,-3.1313581255206184,1.403392683833606
0.636860449,-3.1313581255206184,1.403392683833606
0.638798339,-3.1313581255206184,1.403392683833606
0.640772106,-3.1313581255206184,1.403392683833606
0.642748498,-3.1313581255206184,1.403392683833606
0.644765432,-3.1313581255206184,1.403392683833606
0.646928204,-3.1313581255206184,1.403392683833606
0.650277512,-3.1313581255206184,1.403392683833606
0.653774407,-3.1313581255206184,1.403392683833606
0.657198091,-3.1313581255206184,1.403392683833606
0.659397031,-3.1313581255206184,1.403392683833606
0.659693957,-3.1313581255206184,1.403392683833606
0.659906005,-3.1313581255206184,1.403392683833606
0.660766447,-3.1313581255206184,1.403392683833606
0.662781923,-3.1313581255206184,1.403392683833606
0.664772899,-3.1313581255206184,1.403392683833606
0.666917879,-3.1313581255206184,1.403392683833606
0.66881581,-3.1313581255206184,1.403392683833606
0.670742617,-3.1313581255206184,1.403392683833606
0.672758676,-3.1313581255206184,1.403392683833606
0.674780569,-3.1313581255206184,1.403392683833606
0.677005177,-3.1313581255206184,1.403392683833606
0.678771271,-3.1313581255206184,1.403392683833606
0.680833707,-3.1313581255206184,1.403392683833606
0.682822349,-3.1313581255206184,1.403392683833606
0.684790282,-3.1313581255206184,1.403392683833606
0.68688101,-3.1313581255206184,1.403392683833606
0.688801692,-3.1313581255206184,1.403392683833606
0.690816002,-3.1313581255206184,1.403392683833606
0.692866187,-3.1313581255206184,1.403392683833606
0.694827703,-3.1313581255206184,1.403392683833606
0.696861555,-3.1313980729369697,1.403392683833606
0.698824238,-3.1313980729369697,1.403392683833606
0.700787796,-3.1313980729369697,1.403392683833606
0.702861024,-3.1313980729369697,1.403392683833606
0.704771206,-3.1313980729369697,1.403392683833606
0.706978021,-3.1313980729369697,1.403392683833606
0.708857576,-3.1313980729369697,1.403392683833606
0.71073159,-3.1313980729369697,1.403392683833606
0.712824652,-3.1313980729369697,1.403392683833606
0.714832836,-3.1313980729369697,1.403392683833606
0.716877189,-3.1313980729369697,1.403392683833606
0.718875456,-3.1313980729369697,1.403392683833606
0.720797888,-3.1313980729369697,1.403392683833606
0.722770196,-3.1313980729369697,1.403392683833606
0.724785381,-3.1313980729369697,1.403392683833606
0.726889526,-3.1313980729369697,1.403392683833606
0.728827125,-3.1313980729369697,1.403392683833606
0.730757724,-3.1313980729369697,1.403392683833606
0.732742866,-3.1313980729369697,1.403392683833606
0.734855762,-3.1313980729369697,1.403392683833606
0.736833028,-3.1313980729369697,1.403392683833606
0.738813212,-3.1313980729369697,1.403392683833606
0.740825771,-3.1313980729369697,1.403392683833606
0.742792246,-3.1313980729369697,1.403392683833606
0.744759304,-3.1313980729369697,1.403392683833606
0.746809782,-3.1313980729369697,1.403392683833606
0.750227049,-3.1313980729369697,1.403392683833606
0.753547189,-3.1313980729369697,1.403392683833606
0.757063626,-3.1313980729369697,1.403392683833606
0.759451864,-3.1313980729369697,1.403392683833606
0.759749664,-3.1313980729369697,1.403392683833606
0.759945378,-3.1313980729369697,1.403392683833606
0.760723568,-3.1313980729369697,1.403392683833606
0.762802921,-3.1313980729369697,1.403392683833606
0.764763854,-3.1313980729369697,1.403392683833606
0.766961919,-3.1313980729369697,1.403392683833606
0.768822807,-3.1313980729369697,1.403392683833606
0.770798616,-3.1313980729369697,1.403392683833606
0.772765382,-3.1313980729369697,1.403392683833606
0.77477415,-3.1313980729369697,1.403392683833606
0.776829877,-3.1313980729369697,1.403392683833606
0.77883427,-3.1313980729369697,1.403392683833606
0.780809786,-3.1313980729369697,1.403392683833606
0.782818846,-3.1313980729369697,1.403392683833606
0.784799029,-3.1313980729369697,1.403392683833606
0.786914842,-3.1313980729369697,1.403392683833606
0.788841066,-3.1313980729369697,1.403392683833606
0.790860917,-3.1313980729369697,1.403392683833606
0.792803183,-3.1313980729369697,1.403392683833606
0.794762657,-3.1313980729369697,1.403392683833606
0.796849594,-3.1313980729369697,1.403392683833606
0.798796526,-3.1313980729369697,1.403392683833606
0.800800336,-3.1313980729369697,1.403392683833606
0.802816104,-3.1313980729369697,1.403392683833606
0.804841788,-3.1313980729369697,1.403392683833606
0.806996685,-3.1313980729369697,1.403392683833606
0.808840073,-3.1313980729369697,1.403392683833606
0.810864299,-3.1313980729369697,1.403392683833606
0.812790814,-3.1313980729369697,1.403392683833606
0.814751456,-3.1313980729369697,1.403392683833606
0.816844517,-3.1313980729369697,1.403392683833606
0.818957996,-3.1313980729369697,1.403392683833606
0.820919512,-3.1313980729369697,1.403392683833606
0.822823277,-3.1313980729369697,1.403392683833606
0.824774876,-3.1313980729369697,1.403392683833606
0.826925981,-3.1313980729369697,1.403392683833606
0.828815745,-3.1313980729369697,1.403392683833606
0.830752469,-3.1313980729369697,1.403392683833606
0.832737903,-3.1313980729369697,1.403392683833606
0.834730336,-3.1313980729369697,1.403392683833606
0.836952318,-3.1313980729369697,1.403392683833606
0.838989087,-3.1313980729369697,1.403392683833606
0.840853475,-3.1313980729369697,1.403392683833606
0.84292962,-3.1313980729369697,1.403392683833606
0.844897553,-3.1313980729369697,1.403392683833606
0.84696203,-3.1313980729369697,1.403392683833606
0.848778875,-3.1313980729369697,1.403392683833606
0.850811852,-3.1313980729369697,1.403392683833606
0.852813328,-3.1313980729369697,1.403392683833606
0.854825304,-3.1313980729369697,1.403392683833606
0.856924782,-3.1313980729369697,1.403392683833606
0.858793837,-3.1313980729369697,1.403392683833606
0.860802896,-3.1313980729369697,1.403392683833606
0.862841415,-3.1313980729369697,1.403392683833606
0.864772305,-3.1313980729369697,1.403392683833606
0.867086165,-3.1313980729369697,1.403392683833606
0.869015889,-3.1313980729369697,1.403392683833606
0.870950571,-3.1313980729369697,1.403392683833606
0.872829251,-3.1313980729369697,1.403392683833606
0.874868644,-3.1313980729369697,1.403392683833606
0.87697979,-3.1313980729369697,1.403392683833606
0.878810927,-3.1313980729369697,1.403392683833606
0.880877447,-3.1313980729369697,1.403392683833606
0.88284713,-3.1313980729369697,1.403392683833606
0.884775103,-3.1313980729369697,1.403392683833606
0.887056587,-3.1313980729369697,1.403392683833606
0.888903767,-3.1313980729369697,1.403392683833606
0.890855657,-3.1313980729369697,1.403392683833606
0.892870258,-3.1313980729369697,1.403392683833606
0.894858025,-3.1313980729369697,1.403392683833606
0.897028381,-3.1313980729369697,1.403392683833606
0.898901811,-3.1313980729369697,1.403392683833606
0.900845244,-3.1313980729369697,1.403392683833606
0.902970973,-3.1313980729369697,1.403392683833606
0.904954073,-3.1313980729369697,1.403392683833606
0.90705326,-3.1313980729369697,1.403392683833606
0.90902236,-3.1313980729369697,1.403392683833606
0.910828996,-3.1313980729369697,1.403392683833606
0.912855264,-3.1313980729369697,1.403392683833606
0.914771279,-3.1313980729369697,1.403392683833606
0.916899925,-3.1313980729369697,1.403392683833606
0.918800481,-3.1313980729369697,1.403392683833606
0.920791457,-3.1313980729369697,1.403392683833606
0.922840475,-3.1313980729369697,1.403392683833606
0.924799075,-3.1313980729369697,1.403392683833606
0.926977014,-3.1313980729369697,1.403392683833606
0.928848402,-3.1313980729369697,1.403392683833606
0.930795626,-3.1313980729369697,1.403392683833606
0.932820436,-3.1313980729369697,1.403392683833606
0.934787786,-3.1313980729369697,1.403392683833606
0.936862472,-3.1313980729369697,1.403392683833606
0.938793946,-3.1313980729369697,1.403392683833606
0.940872132,-3.1313980729369697,1.403392683833606
0.94279923,-3.1313980729369697,1.403392683833606
0.944791664,-3.1313980729369697,1.403392683833606
0.946927602,-3.1313980729369697,1.403392683833606
0.948846242,-3.1313980729369697,1.403392683833606
0.950833425,-3.1313980729369697,1.403392683833606
0.952879819,-3.1313980729369697,1.403392683833606
0.954820335,-3.1313980729369697,1.403392683833606
0.956896187,-3.1313980729369697,1.403392683833606
0.958827661,-3.1313980729369697,1.403392683833606
0.960759426,-3.1313980729369697,1.403392683833606
0.962808445,-3.1313980729369697,1.403392683833606
0.964777836,-3.1313980729369697,1.403392683833606
0.967294994,-3.1313980729369697,1.403392683833606
0.969061963,-3.1313980729369697,1.403392683833606
0.971031646,-3.1313980729369697,1.403392683833606
0.973102249,-3.1313980729369697,1.403392683833606
0.974826341,-3.1313980729369697,1.403392683833606
0.976937778,-3.1313980729369697,1.403392683833606
0.978794,-3.1313980729369697,1.403392683833606
0.980792559,-3.1313980729369697,1.403392683833606
0.98286112,-3.1313980729369697,1.403392683833606
0.984787051,-3.1313980729369697,1.403392683833606
0.986891197,-3.1313980729369697,1.403392683833606
0.988764044,-3.1313980729369697,1.403392683833606
0.990768144,-3.1313980729369697,1.403392683833606
0.99277137,-3.1313980729369697,1.403392683833606
0.994753595,-3.1314380203533214,1.403392683833606
0.996917826,-3.1314380203533214,1.403392683833606
0.99908614,-3.1314380203533214,1.403392683833606
1.000982612,-3.1314380203533214,1.403392683833606
1.002964546,-3.1314380203533214,1.403392683833606
1.004968646,-3.1314380203533214,1.403392683833606
1.007113918,-3.1314380203533214,1.403392683833606
1.008835969,-3.1314380203533214,1.403392683833606
1.010836569,-3.1314380203533214,1.403392683833606
1.013021217,-3.1314380203533214,1.403392683833606
1.014981858,-3.1314380203533214,1.403392683833606
1.017095629,-3.1314380203533214,1.403392683833606
1.018989476,-3.1314380203533214,1.403392683833606
1.020997077,-3.1314380203533214,1.403392683833606
1.022992428,-3.1314380203533214,1.403392683833606
1.025144408,-3.1314380203533214,1.403392683833606
1.026926835,-3.1314380203533214,1.403392683833606
1.028839642,-3.1314380203533214,1.403392683833606
1.030779865,-3.1314380203533214,1.403392683833606
1.032738465,-3.1314380203533214,1.403392683833606
1.034748399,-3.1314380203533214,1.403392683833606
1.037103385,-3.1314380203533214,1.403392683833606
1.039012691,-3.1314380203533214,1.403392683833606
1.040942123,-3.1314380203533214,1.403392683833606
1.043009518,-3.1314380203533214,1.403392683833606
1.044966659,-3.1314380203533214,1.403392683833606
1.047080429,-3.1314380203533214,1.403392683833606
1.049032612,-3.1314380203533214,1.403392683833606
1.051011629,-3.1314380203533214,1.403392683833606
1.053034105,-3.1314380203533214,1.403392683833606
1.055103541,-3.1314380203533214,1.403392683833606
1.056857384,-3.1314380203533214,1.403392683833606
1.058691438,-3.1314380203533214,1.403392683833606
1.060727915,-3.1314380203533214,1.403392683833606
1.0627746,-3.1314380203533214,1.403392683833606
1.064771992,-3.1314380203533214,1.403392683833606
1.067029267,-3.1314380203533214,1.403392683833606
1.068809653,-3.1314380203533214,1.403392683833606
1.070771753,-3.1314380203533214,1.403392683833606
1.072738811,-3.1314380203533214,1.403392683833606
1.074764204,-3.1314380203533214,1.403392683833606
1.076891683,-3.1314380203533214,1.403392683833606
1.078802448,-3.1314380203533214,1.403392683833606
1.08079984,-3.1314380203533214,1.403392683833606
1.082782065,-3.1314380203533214,1.403392683833606
1.084790249,-3.1314380203533214,1.403392683833606
1.086917145,-3.1314380203533214,1.403392683833606
1.088837827,-3.1314380203533214,1.403392683833606
1.090792343,-3.1314380203533214,1.403392683833606
1.092818903,-3.1314380203533214,1.403392683833606
1.094799961,-3.1314380203533214,1.403392683833606
1.096898856,-3.1314380203533214,1.403432631249957
1.098820413,-3.1314380203533214,1.403472578666308
1.100818097,-3.1314380203533214,1.4035125260826595
1.102858949,-3.1314779677696722,1.4035125260826595
1.104886383,-3.1315179151860235,1.4035524734990106
1.106816107,-3.1315179151860235,1.4035524734990106
1.108737955,-3.131557862602375,1.4035524734990106
1.110829559,-3.1315978100187256,1.4035524734990106
1.112824326,-3.1315978100187256,1.4035524734990106
1.114755216,-3.131637757435077,1.4035125260826595
1.116746191,-3.131637757435077,1.4035125260826595
1.118722583,-3.131677704851428,1.4035125260826595
1.120780935,-3.131677704851428,1.4035125260826595
1.122782119,-3.131677704851428,1.4035125260826595
1.124777178,-3.131677704851428,1.4035125260826595
1.128468037,-3.131677704851428,1.4035125260826595
1.132158312,-3.131677704851428,1.4035125260826595
1.135296446,-3.131677704851428,1.4035125260826595
1.136119554,-3.131677704851428,1.4035125260826595
1.13642348,-3.131677704851428,1.4035125260826595
1.136745489,-3.131677704851428,1.4035125260826595
1.138726256,-3.131677704851428,1.4035125260826595
1.140710231,-3.131677704851428,1.4035125260826595
1.142806793,-3.131677704851428,1.4035125260826595
1.144740016,-3.131677704851428,1.4035125260826595
1.146972207,-3.131677704851428,1.4035125260826595
1.148775344,-3.131677704851428,1.4035125260826595
1.150876281,-3.131677704851428,1.4035125260826595
1.152913049,-3.131677704851428,1.4035125260826595
1.154844814,-3.131677704851428,1.4035524734990106
1.156946043,-3.131677704851428,1.4035924209153616
1.15883464,-3.1317176522677794,1.4035924209153616
1.160753572,-3.1317176522677794,1.403632368331713
1.162766131,-3.1317575996841307,1.4036723157480642
1.164740481,-3.131797547100482,1.4036723157480642
1.167208637,-3.131797547100482,1.4037122631644152
1.168994273,-3.131837494516833,1.4037122631644152
1.170784576,-3.131837494516833,1.4037522105807665
1.17300685,-3.131837494516833,1.4037522105807665
1.174929573,-3.131837494516833,1.4037921579971178
1.176829546,-3.131837494516833,1.4038321054134688
1.17876627,-3.131837494516833,1.4038321054134688
1.180724869,-3.131837494516833,1.40387205282982
1.182757262,-3.131837494516833,1.40387205282982
1.184761363,-3.131837494516833,1.4039120002461714
1.186962053,-3.131837494516833,1.4039120002461714
1.188835483,-3.131837494516833,1.4039519476625224
1.190774832,-3.131837494516833,1.4039918950788737
1.192773682,-3.131837494516833,1.4039918950788737
1.194752116,-3.131837494516833,1.4040318424952247
1.197166604,-3.131837494516833,1.4040318424952247
1.199023408,-3.131837494516833,1.404071789911576
1.200955465,-3.131837494516833,1.404071789911576
1.203054069,-3.131837494516833,1.4041117373279273
1.204913207,-3.131837494516833,1.4041516847442783
1.208237722,-3.131837494516833,1.4041516847442783
1.211599862,-3.131837494516833,1.4042315795769809
1.21472633,-3.131877441933184,1.404271526993332
1.21796305,-3.131877441933184,1.4043514218260345
1.219370675,-3.1319173893495353,1.404471264075088
1.219637558,-3.1319173893495353,1.4045911063241416
1.219828605,-3.1319573367658866,1.404710948573195
1.220672422,-3.1319573367658866,1.4048707382385999
1.222763733,-3.1319573367658866,1.4050704753203558
1.224719124,-3.1319573367658866,1.405310159818463
1.226911064,-3.1319573367658866,1.4055498443165702
1.228768744,-3.1319573367658866,1.405989265896433
1.230743968,-3.1319573367658866,1.4062688978108915
1.232727069,-3.1319573367658866,1.4065485297253497
1.234720961,-3.1319573367658866,1.4067482668071056
1.236857774,-3.1319573367658866,1.406788214223457
1.23878108,-3.1319573367658866,1.4067482668071056
1.240814057,-3.131997284182238,1.4066683719744033
1.24284645,-3.131997284182238,1.4065485297253497
1.24475284,-3.132037231598589,1.4064686348926472
1.246862819,-3.132037231598589,1.4063487926435938
1.248784084,-3.13207717901494,1.4062688978108915
1.250799268,-3.1321171264312913,1.4062289503945402
1.252785868,-3.13207717901494,1.4062688978108915
1.254743301,-3.13207717901494,1.4063088452272425
1.256768111,-3.13207717901494,1.4063088452272425
1.25872146,-3.13207717901494,1.4063487926435938
1.260843106,-3.13207717901494,1.406388740059945
1.26280783,-3.13207717901494,1.406388740059945
1.264751554,-3.13207717901494,1.406388740059945
1.266823907,-3.13207717901494,1.406388740059945
1.268734963,-3.13207717901494,1.406388740059945
1.270794774,-3.13207717901494,1.406388740059945
1.273015589,-3.13207717901494,1.406388740059945
1.274726265,-3.13207717901494,1.406388740059945
1.276776159,-3.1321171264312913,1.406388740059945
1.278740008,-3.1321570738476425,1.406388740059945
1.281006033,-3.1321570738476425,1.406388740059945
1.282949757,-3.1321970212639934,1.406388740059945
1.284934316,-3.1321970212639934,1.406388740059945
1.287075212,-3.132236968680345,1.406388740059945
1.28876022,-3.132236968680345,1.406388740059945
1.290939326,-3.1322769160966963,1.406388740059945
1.292724379,-3.1322769160966963,1.406388740059945
1.294703979,-3.1322769160966963,1.406388740059945
1.296796749,-3.1322769160966963,1.406388740059945
1.29875564,-3.1322769160966963,1.406388740059945
1.3007857,-3.1322769160966963,1.406388740059945
1.302867386,-3.1322769160966963,1.406388740059945
1.305075368,-3.1322769160966963,1.406388740059945
1.307100469,-3.1322769160966963,1.406388740059945
1.308977108,-3.132316863513047,1.406388740059945
1.310912373,-3.132316863513047,1.406388740059945
1.312887307,-3.1323568109293984,1.406388740059945
1.314897824,-3.1323568109293984,1.406388740059945
1.316944509,-3.1323967583457497,1.406388740059945
1.319004028,-3.1323967583457497,1.406388740059945
1.320932002,-3.1324367057621005,1.406388740059945
1.322936394,-3.132476653178452,1.406388740059945
1.325922566,-3.132476653178452,1.406388740059945
1.329262539,-3.1325166005948035,1.406388740059945
1.332232377,-3.1325565480111544,1.406388740059945
1.335227007,-3.1325964954275056,1.406388740059945
1.335571475,-3.132636442843857,1.406388740059945
1.335843025,-3.1326763902602077,1.406388740059945
1.336711925,-3.1327562850929103,1.406388740059945
1.338862739,-3.1327962325092615,1.406388740059945
1.340724502,-3.132876127341964,1.406388740059945
1.342845273,-3.132916074758315,1.406388740059945
1.344745829,-3.132916074758315,1.406388740059945
1.346821974,-3.132956022174666,1.406388740059945
1.34879399,-3.1329959695910174,1.406388740059945
1.350731589,-3.1330359170073687,1.406388740059945
1.352755815,-3.1331158118400713,1.406388740059945
1.354749707,-3.133155759256422,1.406388740059945
1.356805434,-3.1331957066727734,1.406388740059945
1.35874245,-3.1332356540891246,1.406388740059945
1.360836387,-3.1332756015054755,1.406388740059945
1.362763193,-3.1333554963381784,1.4064686348926472
1.364968258,-3.133475338587232,1.4064686348926472
1.366767895,-3.1336351282526365,1.4065085823089987
1.369014378,-3.13375497050169,1.4065085823089987
1.370901808,-3.133994654999797,1.4065485297253497
1.372933035,-3.1342742869142555,1.4065485297253497
1.374709629,-3.134633813661416,1.4065485297253497
1.376764189,-3.1351131826576304,1.4065485297253497
1.378766832,-3.135672446486547,1.4065485297253497
1.380745849,-3.1363515525645176,1.4065485297253497
1.382777075,-3.1371505008915412,1.4065485297253497
1.38480101,-3.1381092388839695,1.4065485297253497
1.386872196,-3.1393076613745055,1.4065485297253497
1.388847712,-3.1407857157794994,1.4065485297253497
1.39080077,-3.1425034546826,1.4065485297253497
1.392768995,-3.1443809832511063,1.4065485297253497
1.394959476,-3.1462185644032608,1.4065485297253497
1.396797613,-3.1482159352208203,1.4065884771417008
1.39898722,-3.1506527276182426,1.4066284245580523
1.400937069,-3.1536887312609334,1.4066284245580523
1.403050256,-3.156644840070921,1.4066683719744033
1.40477639,-3.160240107542528,1.4066683719744033
1.40685341,-3.1622374783600877,1.4067083193907544
1.408801509,-3.1644345862594028,1.4067083193907544
1.410780234,-3.165513166500885,1.4067482668071056
1.412974799,-3.1686290649762774,1.406788214223457
1.414987941,-3.17070633062654,1.406788214223457
1.416762494,-3.1732629652730155,1.406788214223457
1.418731593,-3.174780967094361,1.406788214223457
1.420735694,-3.177976760402456,1.406788214223457
1.423030595,-3.1808130269633903,1.406788214223457
1.424914526,-3.1844881892676997,1.406788214223457
1.42681304,-3.186924981665122,1.406788214223457
1.428802557,-3.1893218266461933,1.406788214223457
1.430984288,-3.191678724210914,1.406788214223457
1.432725297,-3.193875832110229,1.406788214223457
1.434788608,-3.1961128874258957,1.406788214223457
1.437162553,-3.1988692591541277,1.406788214223457
1.438964523,-3.2017854205477643,1.406788214223457
1.440984374,-3.2045018448596454,1.406788214223457
1.44275601,-3.2066989527589604,1.406828161639808
1.444986742,-3.208536533911115,1.406828161639808
1.446842672,-3.2103341676469186,1.4068681090561592
1.448741478,-3.2121717487990735,1.4068681090561592
1.450726328,-3.213969382534877,1.4069080564725105
1.452746179,-3.2156072266052753,1.4069080564725105
1.454780031,-3.2172051232593235,1.4069080564725105
1.456886218,-3.218962809578775,1.4069080564725105
1.458782399,-3.221239812310793,1.4069080564725105
1.460741873,-3.2238363943736204,1.4069080564725105
1.462775142,-3.226353081603745,1.4069080564725105
1.464733741,-3.228430347254007,1.4069080564725105
1.46690818,-3.2301081387407566,1.4069080564725105
1.469105078,-3.231706035394805,1.4069080564725105
1.47074546,-3.233503669130608,1.4069080564725105
1.472707851,-3.23526135545006,1.4069080564725105
1.47474812,-3.236899199520459,1.4069080564725105
1.476875016,-3.2384172013418047,1.4069080564725105
1.478747862,-3.2398153609140956,1.4069080564725105
1.480767714,-3.2412534679027383,1.4069080564725105
1.482763356,-3.2428114171404347,1.4069080564725105
1.484964046,-3.244888682790697,1.4069080564725105
1.487118068,-3.247125738106363,1.4069080564725105
1.489055083,-3.249242951172976,1.4069080564725105
1.490973723,-3.251160427157833,1.4069080564725105
1.492784151,-3.252638481562827,1.4069080564725105
1.494728167,-3.253996693718768,1.4069080564725105
1.496811312,-3.2552750110420057,1.4069080564725105
1.498737535,-3.256593275781595,1.4069080564725105
1.500769637,-3.257911540521184,1.4069080564725105
1.503085247,-3.259269752677125,1.4069080564725105
1.504972677,-3.260627964833065,1.4069080564725105
1.507080031,-3.2619462295726542,1.4069080564725105
1.509094924,-3.263184599479541,1.4069080564725105
1.511034564,-3.2645028642191303,1.4069080564725105
1.512958746,-3.26618065570588,1.4069080564725105
1.51501039,-3.268377763605196,1.4069080564725105
1.517071659,-3.2706547663372136,1.4069080564725105
1.519004299,-3.2728918216528795,1.4069080564725105
1.520805686,-3.274809297637737,1.4069080564725105
1.522822037,-3.276367246875433,1.4069080564725105
1.524803678,-3.2779251961131295,1.4069080564725105
1.528480245,-3.2795230927671777,1.4069080564725105
1.531931055,-3.2812408316702784,1.4069080564725105
1.534921018,-3.282918623157028,1.4069080564725105
1.538576001,-3.284596414643778,1.4069080564725105
1.541166952,-3.286234258714177,1.4069080564725105
1.541498004,-3.2878721027845756,1.4069080564725105
1.541733678,-3.2897496313530814,1.4069080564725105
1.541941059,-3.2920266340850994,1.4069080564725105
1.542748999,-3.2946232161479267,1.4069080564725105
1.5447461,-3.297060008545349,1.4069080564725105
1.547043042,-3.299217169028313,1.4069080564725105
1.54876626,-3.3009748553477656,1.4069080564725105
1.550735943,-3.3027325416672175,1.4069080564725105
1.552775628,-3.3046500176520746,1.4069080564725105
1.554788187,-3.306647388469634,1.4069080564725105
1.556935792,-3.308684706703545,1.4069080564725105
1.558780055,-3.3106820775211045,1.4069080564725105
1.560747405,-3.3129990276694734,1.4069080564725105
1.562745672,-3.31591518906311,1.4069080564725105
1.564765815,-3.318911245289449,1.4069080564725105
1.566907586,-3.32162766960133,1.4069080564725105
1.568805517,-3.324184304247806,1.4069080564725105
1.570711907,-3.326780886310633,1.4069080564725105
1.572793301,-3.3294573632061626,1.4069080564725105
1.574723608,-3.332093892685341,1.4069080564725105
1.576992259,-3.334570632499115,1.4069080564725105
1.578909148,-3.3372471093946445,1.4069080564725105
1.580811454,-3.34044290270274,1.4069080564725105
1.582885849,-3.343678643427186,1.4069080564725105
1.58483424,-3.3465548574044717,1.4069080564725105
1.586989428,-3.3490315972182456,1.4069080564725105
1.588860817,-3.351668126697424,1.4069080564725105
1.590819124,-3.3542647087602506,1.4069080564725105
1.592778891,-3.356661553741322,1.4069080564725105
1.594783283,-3.3590583987223934,1.4069080564725105
1.596942555,-3.362254192030489,1.4069480038888615
1.598826486,-3.3657695646693933,1.4069879513052128
1.600785085,-3.3689653579774883,1.4069879513052128
1.60293619,-3.3720013616201787,1.407027898721564
1.60485133,-3.3750373652628696,1.4070678461379151
1.6069616,-3.377993474072857,1.4070678461379151
1.608804696,-3.3805501087193335,1.4071077935542664
1.61080238,-3.383226585614863,1.4071077935542664
1.612781105,-3.3861826944248508,1.4071477409706175
1.614782289,-3.3896181722310526,1.4071477409706175
1.616900727,-3.3926941232900947,1.4071876883869687
1.618845617,-3.395130915687517,1.40722763580332
1.62085351,-3.3975677080849396,1.40722763580332
1.622972239,-3.400044447898713,1.407267583219671
1.62487542,-3.402401345463433,1.40722763580332
1.627311784,-3.4045185585300466,1.40722763580332
1.62921409,-3.4068754560947663,1.40722763580332
1.631082853,-3.4098315649047546,1.40722763580332
1.632986909,-3.4127876737147425,1.40722763580332
1.634950467,-3.415424203193921,1.40722763580332
1.637072988,-3.4177012059259386,1.40722763580332
1.638979669,-3.4199782086579567,1.407267583219671
1.64104298,-3.4223750536390276,1.4073075306360223
1.643152376,-3.4246920037873965,1.4073075306360223
1.645001013,-3.42680921685401,1.4073474780523736
1.647133743,-3.429006324753325,1.4073874254687246
1.649045383,-3.431443117150747,1.4073874254687246
1.650974814,-3.434239436295331,1.407427372885076
1.653149837,-3.4368759657745094,1.407427372885076
1.655038143,-3.4391130210901752,1.4074673203014272
1.657178456,-3.440870707409628,1.4074673203014272
1.658796962,-3.442548498896378,1.4075072677177782
1.660801062,-3.444465974881235,1.4075472151341293
1.662827914,-3.446423398282443,1.4075472151341293
1.664997978,-3.4483808216836516,1.4075871625504808
1.667117582,-3.450218402835806,1.4076271099668318
1.669063348,-3.452135878820663,1.4076271099668318
1.670936195,-3.454492776385383,1.4076670573831829
1.672986088,-3.457209200697264,1.4077070047995341
1.674982022,-3.4597258879273887,1.4077070047995341
1.678351163,-3.4619629432430554,1.4077469522158854
1.682053106,-3.46380052439521,1.4077868996322365
1.68535312,-3.465638105547365,1.4077868996322365
1.686306606,-3.467595528948573,1.4078268470485877
1.68659624,-3.4695928997661327,1.4078268470485877
1.686829871,-3.4716701654163944,1.40790674188129
1.688782637,-3.473747431066656,1.4079466892976413
1.690781488,-3.475664907051513,1.4079866367139926
1.692781213,-3.4778620149508286,1.4079866367139926
1.694795815,-3.4806982815117626,1.4080265841303437
1.696824124,-3.4834546532399946,1.4080265841303437
1.698780974,-3.485811550804715,1.408066531546695
1.70074774,-3.4876091845405184,1.408066531546695
1.70293618,-3.4901258717706436,1.408066531546695
1.704814568,-3.4919634529227976,1.408066531546695
1.706861545,-3.4937211392422505,1.408066531546695
1.708790102,-3.4953989307290003,1.408066531546695
1.710777869,-3.497116669632101,1.408066531546695
1.712739969,-3.4989542507842564,1.408066531546695
1.714730652,-3.5013510957653278,1.408066531546695
1.717043637,-3.504067520077208,1.408066531546695
1.718777355,-3.5067040495563866,1.408066531546695
1.720733329,-3.508981052288404,1.408106478963046
1.72279139,-3.5109784231059638,1.4081464263793972
1.725022414,-3.5129757939235233,1.4082263212120996
1.727092725,-3.515053059573785,1.408306216044802
1.728770149,-3.5171303252240467,1.4084260582938557
1.731003799,-3.5190877486252554,1.4085459005429093
1.732924189,-3.5209652771937607,1.4088654798737186
1.734736075,-3.5229227005949695,1.409185059204528
1.73722669,-3.5253594929923917,1.4096244807843914
1.73881282,-3.528195759553326,1.4101437971969566
1.740759169,-3.530832289032505,1.4107829558585756
1.744063559,-3.5331891865972245,1.411502009352897
1.747265861,-3.535186557414784,1.412340905096272
1.750474289,-3.5370640859832903,1.4134594327541055
1.752852318,-3.5391014042172007,1.4148176449100458
1.753182494,-3.541058827618409,1.4164954363967956
1.753388708,-3.543016251019617,1.4184129123816527
1.75484796,-3.544933727004474,1.4204502306155633
1.756952397,-3.547370519401897,1.4226073910985275
1.758803951,-3.5504464704609378,1.4248044989978428
1.760745925,-3.5536422637690332,1.4275209233097237
1.762773652,-3.556398635497265,1.4304370847033605
1.764767544,-3.5589552701437412,1.4331934564315925
1.766862356,-3.5615917996229194,1.4356701962453662
1.768822122,-3.564388118767503,1.4382667783081935
1.770795597,-3.5670645956630325,1.4415424664489909
1.772824781,-3.569741072558562,1.4449379968388418
1.774783381,-3.5731366029484133,1.4481737375632882
1.776790398,-3.576691923003669,1.4518488998675976
1.77898613,-3.5797678740627106,1.4556439044209606
1.780756015,-3.582404403541889,1.458879645145407
1.783018832,-3.5850808804374186,1.462115385869853
1.784786676,-3.5877573573329484,1.4685069724860431
1.786837444,-3.5903539393957753,1.4723818718721084
1.788889963,-3.5930703637076564,1.4767760876707394
1.790805686,-3.596745526011966,1.4810504612203164
1.792833996,-3.60058047798168,1.4846856761082747
1.794834014,-3.60393606095518,1.4888801548251496
1.796849781,-3.607251696512328,1.4931545283747265
1.798904925,-3.6106472269021794,1.4978283760878157
1.800828232,-3.6140028098756796,1.5027818557153632
1.802821832,-3.6172784980164767,1.5067765973504819
1.804806099,-3.6212732396515954,1.5110509709000592
1.806948454,-3.625148139037661,1.5159245556949041
1.8087863,-3.6284238271784583,1.5206782982406954
1.810740815,-3.6314997782375,1.5261510942808085
1.812755416,-3.6346955715455946,1.5308648894102486
1.814784893,-3.637811470020987,1.5352591052088795
1.816911497,-3.641207000410839,1.5397731632565637
1.819077769,-3.6454414265440644,1.544726642884111
1.820973658,-3.6492763785137785,1.5503192811732776
1.82292234,-3.652991488234439,1.554713496971908
1.82478352,-3.656946282453207,1.559307449852295
1.82682058,-3.6607013395902186,1.563821507899979
1.828859681,-3.664336554478177,1.5688149349438778
1.830753529,-3.668610928027754,1.5744874680657464
1.832716211,-3.6727654593282777,1.579041473529782
1.834692895,-3.6763207793835337,1.5838751109082758
1.836735496,-3.6799160468551406,1.588149484457853
1.838777223,-3.683311577244991,1.5935423856652633
1.840740489,-3.6865473179694375,1.5990551291217274
1.842789508,-3.6907417966863125,1.6036890294184656
1.844775233,-3.6951360124849435,1.6086425090460126
1.848672889,-3.699130754120062,1.6132364619263995
1.852318246,-3.7032053905878834,1.618869047631917
1.855816016,-3.7070003951412462,1.6237426324267619
1.856263737,-3.7105956626128536,1.6285363223889044
1.856551329,-3.714670299080675,1.63309032785294
1.856851754,-3.718984620046603,1.6377242281496782
1.858756685,-3.72257988751821,1.643436708687898
1.860890581,-3.726015365324412,1.6481505038173383
1.862885932,-3.7293709482979116,1.6531439308612368
1.864786196,-3.7324468993569533,1.6576979363252724
1.866883341,-3.7361220616612627,1.6624516788710637
1.868800231,-3.740196698129084,1.6676448429967183
1.870780122,-3.7437919656006913,1.6719192165462953
1.872768764,-3.747187495990542,1.676872696173843
1.874770531,-3.7507827634621487,1.6838235466189497
1.877262021,-3.7541782938519996,1.6888968684955508
1.878796816,-3.757573824241851,1.6930913472124256
1.880701164,-3.761528618460619,1.6973257733456513
1.882776725,-3.7652836755976304,1.702079515891443
1.884728324,-3.7681598895749158,1.7065136791064248
1.886842094,-3.770836366470445,1.7111076319868113
1.888804777,-3.7737924752804335,1.715302110703686
1.89076221,-3.776628741841368,1.7189772730079957
1.892999359,-3.779465008402302,1.7234114362229775
1.894953,-3.782780643959451,1.7278056520216083
1.897101188,-3.7862560691820044,1.7321199729875367
1.898978701,-3.7892920728246944,1.7363943465371137
1.900771337,-3.7918886548875217,1.7395501924288577
1.902925651,-3.7945251843667003,1.7429057754023576
1.904822123,-3.7973614509276348,1.7469804118701788
1.906837307,-3.800117822655867,1.7509352060889465
1.908777823,-3.8027144047186936,1.7547302106423093
1.910767631,-3.8055107238632773,1.7587648996937795
1.912820442,-3.808946201669479,1.7622003774999817
1.914856918,-3.8121020475612237,1.765276328559023
1.916858977,-3.8144988925422947,1.768831648614279
1.918781992,-3.8165362107762055,1.7725867057512905
1.920757508,-3.8186933712591697,1.7759822361411417
1.922810319,-3.8208105843257822,1.779457661363695
1.924748501,-3.822768007726991,1.783052928835302
1.928444609,-3.8247653785445497,1.7857693531471828
1.932064299,-3.8270024338602164,1.7884458300427126
1.935192224,-3.8298387004211514,1.7915217811017539
1.936249547,-3.832794809231139,1.7947974692425515
1.93651643,-3.8354313387103174,1.7978334728852419
1.936731395,-3.837668394025984,1.8007496342788785
1.938799955,-3.839865501925299,1.8037856379215689
1.940766722,-3.842102557240966,1.8068216415642593
1.942807282,-3.844299665140281,1.8092584339616817
1.944758006,-3.8464168782068944,1.8114155944446457
1.94690211,-3.8483343541917514,1.8139322816747707
1.948786624,-3.850411619842013,1.816488916321247
1.950744932,-3.852808464823084,1.8189257087186694
1.952838868,-3.8555648365513164,1.821162764034336
1.954733299,-3.8581614186141437,1.8235995564317586
1.956872445,-3.860358526513459,1.826236085910937
1.958714666,-3.862236055081965,1.8287927205574128
1.960953857,-3.8639537939850657,1.830909933624026
1.962792286,-3.8656715328881672,1.832587725110776
1.964745051,-3.867429219207619,1.8342255691811746
1.966901407,-3.8691469581107207,1.836023202916978
1.968804588,-3.870784802181119,1.8379007314854838
1.970715644,-3.8725025410842204,1.8398182074703409
1.972700785,-3.874579806734482,1.8426944214476264
1.974753012,-3.8772163362136607,1.8443722129343765
1.97687495,-3.8799727079418926,1.8460100570047753
1.978793006,-3.882409500339315,1.8478476381569298
1.980757439,-3.8844867659895774,1.8497651141417868
1.982859542,-3.886484136807136,1.8517225375429953
1.984807933,-3.8886412972901003,1.8534402764460964
1.986985289,-3.8918770380145467,1.8547984886020366
1.988816426,-3.8928757234233267,1.85591701625987
1.990754025,-3.8958318322333145,1.856995596501352
1.992827252,-3.8980688875489813,1.857994281910132
1.994815311,-3.900905154109916,1.8590329147352627
1.997057126,-3.9036615258381477,1.8600316001440425
1.998853554,-3.9061782130682725,1.861030285552822
2.000799612,-3.9082155313021834,1.862068918377953
2.002883631,-3.910172954703391,1.8630676037867326
2.004858856,-3.912170325520951,1.8639863943628103
2.006912541,-3.914127748922159,1.864785342689834
2.008821264,-3.9161251197397187,1.8655443436005066
2.01078978,-3.918002648308224,1.866303344511179
2.012774047,-3.9200399665421344,1.8669824505891495
2.014835608,-3.922796338270367,1.8677015040834708
2.016889585,-3.9259122367457593,1.8684205575777921
2.018751056,-3.928708555890343,1.8693792955702206
2.020819033,-3.931265190536819,1.8704578758117028
2.022840926,-3.93366203551789,1.8714166138041313
2.024979197,-3.936138775331664,1.8724152992129108
2.027011591,-3.938655462561789,1.8733340897889883
2.028847686,-3.9409724127101575,1.8742528803650655
2.030875996,-3.943329310274878,1.8749319864430356
2.032843345,-3.9460457345867583,1.875371408022899
2.03482207,-3.949161633062151,1.875611092521006
2.036827046,-3.9520777944557883,1.875810829602762
2.038827355,-3.9545545342695614,1.8758507770191133
2.040848956,-3.9566717473361748,1.8758507770191133
2.042848681,-3.9589088026518415,1.8757708821864105
2.044799113,-3.961265700216561,1.8756909873537084
2.047191142,-3.963542702948579,1.8755311976883036
2.049005362,-3.9657398108478947,1.8753314606065477
2.051062839,-3.9682564980780195,1.8750917761084405
2.053084732,-3.9714123439697633,1.8748520916103335
2.054808241,-3.9743684527797516,1.8746124071122263
2.057098475,-3.977084877091632,1.8741729855323632
2.059022073,-3.9795616169054058,1.873973248450607
2.061017715,-3.982158198968233,1.8737335639525
2.063073151,-3.984714833614709,1.8735737742870955
2.065048959,-3.987031783763078,1.8735737742870955
2.06695389,-3.9892288916623935,1.8736137217034465
2.06884482,-3.991665684059816,1.8736536691197978
2.070861171,-3.994422055788048,1.8737335639525
2.072832313,-3.9972982697653334,1.8737735113688514
2.074808996,-3.999894851828161,1.8738134587852027
2.076981685,-4.001972117478423,1.8738134587852027
2.078825072,-4.004009435712333,1.8738134587852027
2.080809922,-4.006046753946244,1.8738134587852027
2.082841149,-4.008124019596505,1.8738134587852027
2.084852541,-4.010001548165011,1.8737735113688514
2.087037772,-4.011759234484464,1.8737335639525
2.08883245,-4.013596815636618,1.8737335639525
2.090804758,-4.015993660617689,1.873693616536149
2.092782316,-4.018789979762273,1.8736536691197978
2.094791083,-4.021306666992397,1.8736536691197978
2.09693198,-4.023543722308064,1.8736137217034465
2.098837494,-4.025461198292922,1.8736536691197978
2.100820302,-4.027298779445076,1.8736536691197978
2.102881863,-4.0291363605972315,1.8736536691197978
2.104841629,-4.030854099500332,1.8736536691197978
2.106960358,-4.032412048738029,1.8736536691197978
2.10883758,-4.03381020831032,1.8736536691197978
2.110840805,-4.035088525633558,1.8736536691197978
2.112822155,-4.036366842956796,1.8736536691197978
2.114842006,-4.037804949945439,1.8736536691197978
2.116837356,-4.0394028465994865,1.8736536691197978
2.118792164,-4.041360270000695,1.8736536691197978
2.120823099,-4.043357640818254,1.8736536691197978
2.122903035,-4.045195221970409,1.8736536691197978
2.124945053,-4.046713223791754,1.8736536691197978
2.126885569,-4.047791804033236,1.8736536691197978
2.128744415,-4.048790489442016,1.8736536691197978
2.13079985,-4.0496693326017414,1.8736536691197978
2.132989748,-4.050668018010521,1.8736536691197978
2.134768092,-4.051706650835652,1.8736536691197978
2.136784735,-4.052825178493485,1.8736536691197978
2.139115803,-4.053943706151319,1.8736536691197978
2.14099215,-4.055062233809152,1.8736536691197978
2.143119921,-4.056180761466985,1.8736536691197978
2.145025144,-4.057259341708467,1.8736536691197978
2.146927158,-4.0582580271172475,1.8736536691197978
2.148821297,-4.059256712526027,1.8736536691197978
2.150768521,-4.060535029849265,1.8736536691197978
2.152755121,-4.062172873919663,1.8736536691197978
2.154769138,-4.064130297320872,1.8736536691197978
2.157126166,-4.066007825889377,1.8736536691197978
2.158987054,-4.067725564792479,1.8736536691197978
2.160942445,-4.069243566613824,1.8736536691197978
2.162964921,-4.07044198910436,1.8736536691197978
2.16496523,-4.071600464178545,1.8736536691197978
2.167104668,-4.072639097003675,1.8736536691197978
2.169051892,-4.073677729828806,1.8736536691197978
2.170750317,-4.074796257486639,1.8736536691197978
2.173233056,-4.075954732560824,1.8736536691197978
2.174823561,-4.077073260218658,1.873693616536149
2.177275383,-4.078191787876491,1.873693616536149
2.178815137,-4.079350262950675,1.873693616536149
2.180783653,-4.080348948359455,1.873693616536149
2.18282713,-4.081307686351883,1.873693616536149
2.184746353,-4.082306371760662,1.873693616536149
2.186903583,-4.083384952002144,1.873693616536149
2.188800639,-4.084783111574437,1.873693616536149
2.190806198,-4.0864609030611865,1.873693616536149
2.192777047,-4.088338431629692,1.873693616536149
2.194714646,-4.090096117949145,1.873693616536149
2.196861959,-4.0917739094358945,1.873693616536149
2.198778849,-4.0930522267591325,1.873693616536149
2.200770116,-4.093931069918859,1.873693616536149
2.204260593,-4.094769965662233,1.873693616536149
2.207949119,-4.095528966572907,1.873693616536149
2.211317093,-4.096248020067228,1.873693616536149
2.215042952,-4.097046968394251,1.873693616536149
2.215499716,-4.097925811553978,1.873693616536149
2.215795766,-4.098964444379108,1.873693616536149
2.216031148,-4.099963129787889,1.873693616536149
2.216725918,-4.100961815196668,1.873693616536149
2.218807021,-4.101960500605447,1.873693616536149
2.220762995,-4.102919238597876,1.873693616536149
2.222823973,-4.103758134341251,1.8736536691197978
2.224770321,-4.1045970300846255,1.8736536691197978
2.226876508,-4.105475873244353,1.8736536691197978
2.228792815,-4.106634348318536,1.8736536691197978
2.230748497,-4.107912665641774,1.8736536691197978
2.232818516,-4.109470614879471,1.8736536691197978
2.234820867,-4.111148406366221,1.8736536691197978
2.237145227,-4.112706355603917,1.8736536691197978
2.238820901,-4.11414446259256,1.8736536691197978
2.240765792,-4.115342885083096,1.8736536691197978
2.242821519,-4.116181780826471,1.8736536691197978
2.244792077,-4.116741044655387,1.8736536691197978
2.24684722,-4.117260361067953,1.8736536691197978
2.248799111,-4.117659835231464,1.8736536691197978
2.250782503,-4.1179394671459235,1.8736536691197978
2.252802354,-4.11817915164403,1.8736536691197978
2.254817246,-4.118298993893084,1.8736536691197978
2.256844973,-4.118378888725786,1.8736536691197978
2.258755737,-4.118378888725786,1.8736536691197978
2.260782297,-4.1183389413094345,1.8736536691197978
2.262773855,-4.1183389413094345,1.8736536691197978
2.264769789,-4.118298993893084,1.8736536691197978
2.266902227,-4.1183389413094345,1.8736536691197978
2.268801908,-4.1183389413094345,1.8736536691197978
2.270781216,-4.1183389413094345,1.8736536691197978
2.272775108,-4.118378888725786,1.8736536691197978
2.27483171,-4.118378888725786,1.8736536691197978
2.277110277,-4.118418836142138,1.8736536691197978
2.279026,-4.1184987309748395,1.8736536691197978
2.280780135,-4.118538678391191,1.8736536691197978
2.282793861,-4.118658520640245,1.8736536691197978
2.284819545,-4.1188582577220005,1.8736536691197978
2.287143905,-4.1190579948037565,1.8736536691197978
2.289098713,-4.119297679301863,1.8736536691197978
2.290802096,-4.119657206049024,1.8736536691197978
2.292767404,-4.120216469877941,1.8736536691197978
2.294852882,-4.12085562853956,1.8736536691197978
2.29682344,-4.121694524282935,1.8736536691197978
2.298905418,-4.122493472609959,1.8736536691197978
2.30101773,-4.123412263186036,1.8736536691197978
2.302909244,-4.124410948594816,1.8736536691197978
2.304827883,-4.125489528836298,1.8736536691197978
2.306839859,-4.12656810907778,1.8736536691197978
2.308812167,-4.127566794486559,1.8736536691197978
2.310811601,-4.128525532478988,1.8736536691197978
2.312741033,-4.129524217887767,1.8736536691197978
2.314781593,-4.130722640378303,1.8736536691197978
2.316796194,-4.132280589615999,1.8736536691197978
2.318786002,-4.134198065600857,1.8736536691197978
2.320769977,-4.136195436418416,1.8736536691197978
2.322769703,-4.138033017570571,1.8736536691197978
2.324716635,-4.139630914224619,1.8736536691197978
2.326816697,-4.140669547049749,1.8736536691197978
2.328788421,-4.141628285042177,1.8736536691197978
2.330775605,-4.142387285952851,1.8736536691197978
2.332734204,-4.14306639203082,1.8736536691197978
2.33481064,-4.143745498108791,1.8736536691197978
2.336798115,-4.144464551603112,1.8736536691197978
2.338793465,-4.145223552513785,1.8736536691197978
2.340749731,-4.146062448257159,1.8736536691197978
2.342771041,-4.14674155433513,1.8736536691197978
2.344745099,-4.147340765580398,1.8736536691197978
2.346846036,-4.147939976825666,1.8736536691197978
2.348804051,-4.148499240654583,1.8736536691197978
2.350782193,-4.149058504483499,1.8736536691197978
2.352767918,-4.149537873479713,1.8736536691197978
2.35503161,-4.149897400226874,1.8736536691197978
2.356858663,-4.150256926974034,1.8736536691197978
2.359012102,-4.150616453721195,1.8736536691197978
2.360931033,-4.150975980468356,1.8736536691197978
2.362955259,-4.151415402048219,1.8736536691197978
2.364943609,-4.151894771044433,1.8736536691197978
2.367124757,-4.15245403487335,1.8736536691197978
2.368803348,-4.153093193534969,1.8736536691197978
2.370832241,-4.153812247029291,1.8736536691197978
2.372813591,-4.154611195356314,1.8736536691197978
2.374999988,-4.155569933348743,1.8736536691197978
2.376788833,-4.156608566173873,1.8736536691197978
2.378738973,-4.157607251582654,1.8736536691197978
2.380745699,-4.158486094742379,1.8736536691197978
2.382783634,-4.159364937902105,1.8736536691197978
2.384735816,-4.160044043980076,1.8736536691197978
2.386849587,-4.160483465559939,1.8736536691197978
2.388819561,-4.160683202641694,1.8736536691197978
2.390821037,-4.160603307808993,1.8736536691197978
2.392848763,-4.160283728478183,1.8736536691197978
2.394812029,-4.1598842543146715,1.8736536691197978
2.396883507,-4.159444832734808,1.8735737742870955
2.398837731,-4.1591652008203495,1.8735737742870955
2.400780288,-4.158885568905891,1.8735338268707442
2.402810056,-4.158725779240487,1.873493879454393
2.404857324,-4.158805674073189,1.8734139846216906
2.406844508,-4.158885568905891,1.8733740372053393
2.408911319,-4.159045358571296,1.8733340897889883
2.410751789,-4.159205148236701,1.873294142372637
2.412751223,-4.159364937902105,1.8732541949562858
2.414741907,-4.159484780151159,1.8732142475399347
2.416914596,-4.159564674983861,1.8732142475399347
2.419117327,-4.159644569816564,1.8731743001235834
2.420956923,-4.159564674983861,1.8731743001235834
2.423002441,-4.1595247275675105,1.8731743001235834
2.424948498,-4.159444832734808,1.8732142475399347
2.427084728,-4.159404885318457,1.8732142475399347
2.429034869,-4.159364937902105,1.8732142475399347
2.430926674,-4.159364937902105,1.8732142475399347
2.432927275,-4.1593249904857545,1.8732142475399347
2.4349235,-4.1593249904857545,1.8732541949562858
2.437167649,-4.159364937902105,1.8732541949562858
2.439045163,-4.159404885318457,1.8732541949562858
2.440976928,-4.159404885318457,1.8732541949562858
2.443022738,-4.159404885318457,1.8732541949562858
2.444970254,-4.159404885318457,1.8732541949562858
2.447085191,-4.159404885318457,1.8732541949562858
2.449008789,-4.159404885318457,1.8732541949562858
2.450950763,-4.159404885318457,1.8732541949562858
2.453092826,-4.159404885318457,1.8732541949562858
2.455026633,-4.159404885318457,1.8732541949562858
2.457106569,-4.159404885318457,1.8732541949562858
2.459033084,-4.159404885318457,1.8732541949562858
2.46076301,-4.159404885318457,1.8732541949562858
2.462875322,-4.159404885318457,1.8732541949562858
2.464972175,-4.159404885318457,1.8732541949562858
2.466918816,-4.159404885318457,1.8732541949562858
2.468743536,-4.159404885318457,1.8732541949562858
2.470838639,-4.159404885318457,1.8732541949562858
2.472765154,-4.159404885318457,1.8732541949562858
2.474790839,-4.159404885318457,1.8732541949562858
2.476988028,-4.159404885318457,1.8732541949562858
2.478885084,-4.159404885318457,1.8732541949562858
2.480880726,-4.159404885318457,1.8732541949562858
2.482918953,-4.159404885318457,1.8732541949562858
2.484834967,-4.159404885318457,1.8732541949562858
2.48695778,-4.159404885318457,1.8732541949562858
2.488837043,-4.159404885318457,1.8732541949562858
2.490818977,-4.159404885318457,1.8732541949562858
2.492824827,-4.159404885318457,1.8732541949562858
2.494863637,-4.159444832734808,1.8732541949562858
2.496903906,-4.159444832734808,1.8732541949562858
2.498819337,-4.159444832734808,1.8732541949562858
2.500810896,-4.159444832734808,1.8732541949562858
2.502907165,-4.159444832734808,1.8732541949562858
2.50485964,-4.159444832734808,1.8732541949562858
2.507218417,-4.159444832734808,1.8732541949562858
2.509138515,-4.159444832734808,1.8732541949562858
2.511089239,-4.159444832734808,1.8732541949562858
2.512806623,-4.159444832734808,1.8732541949562858
2.514877517,-4.159444832734808,1.8732541949562858
2.517156668,-4.159444832734808,1.8732541949562858
2.519060724,-4.159444832734808,1.8732541949562858
2.521015531,-4.159444832734808,1.8732541949562858
2.523117635,-4.159444832734808,1.8732541949562858
2.52501294,-4.159444832734808,1.8732541949562858
2.526839411,-4.159444832734808,1.8732541949562858
2.528868304,-4.159444832734808,1.8732541949562858
2.530874446,-4.159444832734808,1.8732541949562858
2.532840629,-4.159444832734808,1.8732541949562858
2.534837438,-4.159444832734808,1.8732541949562858
2.536926124,-4.159444832734808,1.8732541949562858
2.538826097,-4.159444832734808,1.8732541949562858
2.540845364,-4.159444832734808,1.8732541949562858
2.542872215,-4.159444832734808,1.8732541949562858
2.544819439,-4.159444832734808,1.8732541949562858
2.54698542,-4.159444832734808,1.8732541949562858
2.548845141,-4.159444832734808,1.8732541949562858
2.550823866,-4.159444832734808,1.8732541949562858
2.552832925,-4.159444832734808,1.8732541949562858
2.554839651,-4.159444832734808,1.8732541949562858
2.556930379,-4.159444832734808,1.8732541949562858
2.558872644,-4.159444832734808,1.8732541949562858
2.560858369,-4.159444832734808,1.8732541949562858
2.562888429,-4.159444832734808,1.8732541949562858
2.564823986,-4.159444832734808,1.8732541949562858
2.567085636,-4.159444832734808,1.8732541949562858
2.568868938,-4.159444832734808,1.8732541949562858
2.570795453,-4.159444832734808,1.8732541949562858
2.572799262,-4.159444832734808,1.8732541949562858
2.57483428,-4.159444832734808,1.8732541949562858
2.576911883,-4.159444832734808,1.8732541949562858
2.578822647,-4.159444832734808,1.8732541949562858
2.580780663,-4.159444832734808,1.8732541949562858
2.583863379,-4.159444832734808,1.8732541949562858
2.587132767,-4.159444832734808,1.8732541949562858
2.59045874,-4.159444832734808,1.8732541949562858
2.593738919,-4.159444832734808,1.8732541949562858
2.597222397,-4.159444832734808,1.8732541949562858
2.597643284,-4.159444832734808,1.8732541949562858
2.597867291,-4.159444832734808,1.8732541949562858
2.598051921,-4.159444832734808,1.8732541949562858
2.59879161,-4.159444832734808,1.8732541949562858
2.60079046,-4.159444832734808,1.8732541949562858
2.602970149,-4.159444832734808,1.8732541949562858
2.604843579,-4.159444832734808,1.8732541949562858
2.607019476,-4.159444832734808,1.8732541949562858
2.608856739,-4.159444832734808,1.8732541949562858
2.610805713,-4.159444832734808,1.8732541949562858
2.612820897,-4.159444832734808,1.8732142475399347
2.614842498,-4.159444832734808,1.8731743001235834
2.616833473,-4.159444832734808,1.8731743001235834
2.618839032,-4.159444832734808,1.8731343527072322
2.620815424,-4.159444832734808,1.8731343527072322
2.622782773,-4.159444832734808,1.8730944052908811
2.624818958,-4.159444832734808,1.8730944052908811
2.62681635,-4.159444832734808,1.8730544578745298
2.628825993,-4.159444832734808,1.8730145104581786
2.630809676,-4.159444832734808,1.8730145104581786
2.632816985,-4.159444832734808,1.8729745630418277
2.63480096,-4.159444832734808,1.8730145104581786
2.636824894,-4.159444832734808,1.8730145104581786
2.638814995,-4.159444832734808,1.8730145104581786
2.640827262,-4.159444832734808,1.8730145104581786
2.642855863,-4.159444832734808,1.8730145104581786
2.644832255,-4.159444832734808,1.8730145104581786
2.64683723,-4.159444832734808,1.8730145104581786
2.648774246,-4.159444832734808,1.8730145104581786
2.650828223,-4.159444832734808,1.8730145104581786
2.652807823,-4.159444832734808,1.8730145104581786
2.65482009,-4.159444832734808,1.8729346156254763
2.656810774,-4.159444832734808,1.872894668209125
2.658820124,-4.159444832734808,1.872894668209125
2.66087381,-4.159444832734808,1.8728547207927742
2.662925453,-4.159444832734808,1.8728547207927742
2.664865677,-4.159444832734808,1.8728147733764229
2.666965739,-4.159444832734808,1.8728147733764229
2.668888754,-4.159444832734808,1.8727748259600714
2.670884104,-4.159444832734808,1.8727348785437206
2.67305796,-4.159444832734808,1.8727748259600714
2.674829887,-4.159444832734808,1.8728147733764229
2.676934907,-4.159444832734808,1.8728147733764229
2.678907507,-4.159444832734808,1.8728147733764229
2.680948067,-4.159444832734808,1.8728147733764229
2.682941375,-4.159444832734808,1.8728147733764229
2.684971435,-4.159444832734808,1.8728147733764229
2.687280336,-4.159444832734808,1.8728147733764229
2.689112057,-4.159444832734808,1.8728147733764229
2.691047905,-4.159444832734808,1.8728147733764229
2.69302138,-4.159444832734808,1.8728147733764229
2.694809933,-4.159444832734808,1.8728147733764229
2.69715296,-4.159444832734808,1.8728147733764229
2.699433277,-4.159444832734808,1.8728147733764229
2.701149202,-4.159444832734808,1.8728547207927742
2.703244306,-4.159444832734808,1.8728547207927742
2.705178404,-4.159444832734808,1.8728547207927742
2.707172879,-4.159444832734808,1.8728547207927742
2.709115728,-4.159444832734808,1.8728547207927742
2.711024159,-4.159444832734808,1.8728547207927742
2.71297955,-4.159444832734808,1.8728547207927742
2.715000568,-4.159444832734808,1.8728547207927742
2.717043753,-4.159444832734808,1.8728547207927742
2.718997102,-4.159444832734808,1.8728547207927742
2.720962993,-4.159444832734808,1.8728547207927742
2.722988969,-4.159444832734808,1.8728547207927742
2.724936485,-4.159444832734808,1.8728547207927742
2.726890126,-4.159444832734808,1.8728547207927742
2.728814016,-4.159444832734808,1.8728547207927742
2.730803824,-4.159444832734808,1.8728547207927742
2.73297768,-4.159444832734808,1.8728547207927742
2.734942696,-4.159444832734808,1.8728547207927742
2.737074258,-4.159444832734808,1.8728547207927742
2.73900894,-4.159444832734808,1.8728547207927742
2.740965206,-4.159444832734808,1.8728547207927742
2.7430221,-4.159444832734808,1.8728547207927742
2.745010158,-4.159444832734808,1.8728547207927742
2.746876588,-4.159444832734808,1.8728547207927742
2.749062986,-4.159444832734808,1.8728547207927742
2.750957417,-4.159444832734808,1.8728147733764229
2.753001477,-4.159444832734808,1.8728147733764229
2.755032703,-4.159444832734808,1.8728147733764229
2.757054013,-4.159444832734808,1.8728147733764229
2.759054905,-4.159444832734808,1.8728147733764229
2.760977045,-4.159444832734808,1.8728147733764229
2.762981145,-4.159444832734808,1.8728147733764229
2.764967745,-4.159444832734808,1.8727748259600714
2.767134309,-4.159444832734808,1.8727348785437206
2.769055574,-4.159444832734808,1.8726949311273693
2.770957296,-4.159444832734808,1.872654983711018
2.772925229,-4.159444832734808,1.8725750888783157
2.774945955,-4.159444832734808,1.8724951940456134
2.777129728,-4.159444832734808,1.8724152992129108
2.779025617,-4.159444832734808,1.8723753517965598
2.780960007,-4.159444832734808,1.8722555095475062
2.78298365,-4.159444832734808,1.8721356672984526
2.784944291,-4.159444832734808,1.8719758776330477
2.787120772,-4.159444832734808,1.8718160879676429
2.788793821,-4.159444832734808,1.8716562983022385
2.790785671,-4.159444832734808,1.8714166138041313
2.792987527,-4.159444832734808,1.8710970344733215
2.795055505,-4.159444832734808,1.87069756030981
2.797155567,-4.159444832734808,1.8700184542318394
2.799053497,-4.159444832734808,1.8695790326519766
2.800751047,-4.159444832734808,1.8691396110721135
2.80312295,-4.159444832734808,1.8687401369086016
2.80497363,-4.159444832734808,1.8685004524104945
2.80723703,-4.159444832734808,1.8684205575777921
2.80914196,-4.159444832734808,1.8684205575777921
2.811060017,-4.159444832734808,1.8685004524104945
2.812811235,-4.159444832734808,1.8687001894922501
2.814798418,-4.159444832734808,1.8688599791576552
2.818519027,-4.159444832734808,1.869059716239411
2.823141204,-4.159444832734808,1.8691795584884645
2.827554542,-4.159444832734808,1.869259453321167
2.828526404,-4.159444832734808,1.8693792955702206
2.828808454,-4.159444832734808,1.8694192429865717
2.82903596,-4.159444832734808,1.8693792955702206
2.829227008,-4.159444832734808,1.8693393481538694
2.830791554,-4.159444832734808,1.869299400737518
2.832804113,-4.159444832734808,1.869299400737518
2.834812005,-4.159444832734808,1.869299400737518
2.836908858,-4.159444832734808,1.869299400737518
2.838791621,-4.159444832734808,1.869299400737518
2.840758679,-4.159444832734808,1.869299400737518
2.842783197,-4.159444832734808,1.869299400737518
2.844763088,-4.159444832734808,1.869299400737518
2.8468649,-4.159444832734808,1.869299400737518
2.848810665,-4.159444832734808,1.869299400737518
2.850917435,-4.159444832734808,1.869299400737518
2.852853867,-4.159444832734808,1.869299400737518
2.854912803,-4.159444832734808,1.869299400737518
2.85683115,-4.159444832734808,1.869299400737518
2.858778666,-4.159444832734808,1.869299400737518
2.860781308,-4.159444832734808,1.869299400737518
2.862777825,-4.159444832734808,1.869299400737518
2.864751591,-4.159444832734808,1.869299400737518
2.866963656,-4.159444832734808,1.869299400737518
2.868816669,-4.159444832734808,1.869299400737518
2.870907397,-4.159444832734808,1.869299400737518
2.872894288,-4.159444832734808,1.869299400737518
2.874885555,-4.159444832734808,1.869299400737518
2.877020034,-4.159444832734808,1.869299400737518
2.878951507,-4.159444832734808,1.869299400737518
2.880947441,-4.159444832734808,1.869299400737518
2.882891456,-4.159444832734808,1.869299400737518
2.88485443,-4.159444832734808,1.869299400737518
2.88698541,-4.159444832734808,1.869299400737518
2.888889757,-4.159444832734808,1.869299400737518
2.890887732,-4.159444832734808,1.869299400737518
2.892828248,-4.159444832734808,1.869299400737518
2.894804639,-4.159444832734808,1.869299400737518
2.896935326,-4.159444832734808,1.869299400737518
2.898939135,-4.159444832734808,1.869299400737518
2.900846691,-4.159444832734808,1.869299400737518
2.903004213,-4.159444832734808,1.869299400737518
2.904864517,-4.159444832734808,1.869299400737518
2.906926078,-4.159444832734808,1.869299400737518
2.908930178,-4.159444832734808,1.869299400737518
2.910883819,-4.159444832734808,1.869299400737518
2.912824334,-4.159444832734808,1.869299400737518
2.914833393,-4.159444832734808,1.869299400737518
2.916974872,-4.159444832734808,1.869299400737518
2.918778009,-4.159444832734808,1.869299400737518
2.920858236,-4.159444832734808,1.869299400737518
2.922948089,-4.159444832734808,1.869299400737518
2.924875479,-4.159444832734808,1.869299400737518
2.926989249,-4.159444832734808,1.869299400737518
2.928938223,-4.159444832734808,1.869299400737518
2.930899739,-4.159444832734808,1.869299400737518
2.932909673,-4.159444832734808,1.869299400737518
2.93487148,-4.159444832734808,1.869299400737518
2.936876456,-4.159444832734808,1.869299400737518
2.938888432,-4.159444832734808,1.869299400737518
2.940905074,-4.159444832734808,1.869299400737518
2.942919091,-4.159444832734808,1.869299400737518
2.944912692,-4.159444832734808,1.869299400737518
2.946838331,-4.159444832734808,1.869299400737518
2.948903392,-4.159444832734808,1.869299400737518
2.950901367,-4.159444832734808,1.869299400737518
2.952785297,-4.159444832734808,1.869299400737518
2.954820024,-4.159444832734808,1.869299400737518
2.956773081,-4.159444832734808,1.869299400737518
2.958887726,-4.159444832734808,1.869299400737518
2.960869076,-4.159444832734808,1.869299400737518
2.962882802,-4.159444832734808,1.869299400737518
2.964850443,-4.159444832734808,1.869299400737518
2.967037715,-4.159444832734808,1.869299400737518
2.968951105,-4.159444832734808,1.869299400737518
2.970866828,-4.159444832734808,1.869299400737518
2.972919638,-4.159444832734808,1.869299400737518
2.974914113,-4.159444832734808,1.869299400737518
2.977002508,-4.159444832734808,1.869299400737518
2.978875646,-4.159444832734808,1.869299400737518
2.980844162,-4.159444832734808,1.869299400737518
2.982899597,-4.159444832734808,1.869299400737518
2.984897864,-4.159444832734808,1.869299400737518
2.987113429,-4.159444832734808,1.869299400737518
2.988942816,-4.159444832734808,1.869299400737518
2.99084308,-4.159444832734808,1.869299400737518
2.992806638,-4.159444832734808,1.869299400737518
2.99491895,-4.159444832734808,1.869299400737518
2.996836131,-4.159444832734808,1.869299400737518
2.998786271,-4.159444832734808,1.869299400737518
3.000774913,-4.159444832734808,1.869299400737518
3.002783389,-4.159444832734808,1.869299400737518
3.004814615,-4.159444832734808,1.869299400737518
3.006972136,-4.159444832734808,1.869299400737518
3.008833316,-4.159444832734808,1.869299400737518
3.010832166,-4.159444832734808,1.869299400737518
3.012820808,-4.159444832734808,1.869299400737518
3.014794574,-4.159444832734808,1.869299400737518
3.016894636,-4.159444832734808,1.869299400737518
3.018819984,-4.159444832734808,1.869299400737518
3.02079375,-4.159444832734808,1.869299400737518
3.022777433,-4.159444832734808,1.869259453321167
3.024838702,-4.159444832734808,1.869259453321167
3.026961806,-4.159444832734808,1.869259453321167
3.028903488,-4.159444832734808,1.869259453321167
3.030846336,-4.159444832734808,1.869259453321167
3.032805227,-4.159444832734808,1.869259453321167
3.034795619,-4.159444832734808,1.869259453321167
3.038132383,-4.159444832734808,1.869259453321167
3.041338186,-4.159444832734808,1.869259453321167
3.04431094,-4.159444832734808,1.869259453321167
3.048234846,-4.159444832734808,1.869259453321167
3.051122723,-4.159444832734808,1.869259453321167
3.051445899,-4.159444832734808,1.869259453321167
3.051680989,-4.159444832734808,1.869259453321167
3.051871453,-4.159444832734808,1.869259453321167
3.052791397,-4.159444832734808,1.869259453321167
3.054818831,-4.159444832734808,1.869259453321167
3.056836057,-4.159444832734808,1.869259453321167
3.058803406,-4.159444832734808,1.869259453321167
3.060835216,-4.159444832734808,1.869259453321167
3.062882484,-4.159444832734808,1.869259453321167
3.064830583,-4.159444832734808,1.869259453321167
3.066886893,-4.159444832734808,1.869259453321167
3.068767032,-4.159444832734808,1.869259453321167
3.070828009,-4.159444832734808,1.869259453321167
3.072786316,-4.159444832734808,1.869259453321167
3.074792167,-4.159444832734808,1.869259453321167
3.076805601,-4.159444832734808,1.869259453321167
3.078740866,-4.159444832734808,1.869259453321167
3.080798343,-4.159444832734808,1.869259453321167
3.082782901,-4.159444832734808,1.869259453321167
3.084775334,-4.159444832734808,1.869259453321167
3.086921481,-4.159444832734808,1.869259453321167
3.088777994,-4.159444832734808,1.869259453321167
3.090795219,-4.159444832734808,1.869259453321167
3.092811278,-4.159444832734808,1.869259453321167
3.094828504,-4.159444832734808,1.869259453321167
3.096928566,-4.159444832734808,1.869259453321167
3.098825621,-4.159444832734808,1.8692195059048158
